CODGEO,LIBGEO,REG,DEP,E14TST,E14TS0ND,E14TS1,E14TS6,E14TS10,E14TS20,E14TS50,E14TS100,E14TS200,E14TS500
01001,L'Abergement-Clémenciat,82,01,25,22,1,2,0,0,0,0,0,0
01002,L'Abergement-de-Varey,82,01,10,9,1,0,0,0,0,0,0,0
01004,Ambérieu-en-Bugey,82,01,996,577,272,63,46,24,9,3,2,0
01005,Ambérieux-en-Dombes,82,01,99,73,20,3,1,2,0,0,0,0
01006,Ambléon,82,01,4,4,0,0,0,0,0,0,0,0
01007,Ambronay,82,01,124,87,20,10,5,2,0,0,0,0
01008,Ambutrix,82,01,48,28,15,2,3,0,0,0,0,0
01009,Andert-et-Condon,82,01,22,17,4,1,0,0,0,0,0,0
01010,Anglefort,82,01,33,23,8,1,0,0,0,1,0,0
01011,Apremont,82,01,14,11,2,1,0,0,0,0,0,0
01012,Aranc,82,01,12,8,3,0,1,0,0,0,0,0
01013,Arandas,82,01,9,9,0,0,0,0,0,0,0,0
01014,Arbent,82,01,314,130,97,33,28,16,5,5,0,0
01015,Arbignieu,82,01,24,17,6,1,0,0,0,0,0,0
01016,Arbigny,82,01,9,8,0,1,0,0,0,0,0,0
01017,Argis,82,01,13,10,1,1,0,1,0,0,0,0
01019,Armix,82,01,1,1,0,0,0,0,0,0,0,0
01021,Ars-sur-Formans,82,01,67,42,20,5,0,0,0,0,0,0
01022,Artemare,82,01,101,67,28,3,3,0,0,0,0,0
01023,Asnières-sur-Saône,82,01,2,2,0,0,0,0,0,0,0,0
01024,Attignat,82,01,116,79,28,4,0,1,1,3,0,0
01025,Bâgé-la-Ville,82,01,101,79,12,7,3,0,0,0,0,0
01026,Bâgé-le-Châtel,82,01,49,36,11,1,0,1,0,0,0,0
01027,Balan,82,01,109,66,27,6,6,0,2,2,0,0
01028,Baneins,82,01,31,27,4,0,0,0,0,0,0,0
01029,Beaupont,82,01,25,19,5,1,0,0,0,0,0,0
01030,Beauregard,82,01,45,34,9,1,0,1,0,0,0,0
01031,Bellignat,82,01,252,112,80,24,18,11,4,3,0,0
01032,Béligneux,82,01,177,92,53,9,11,12,0,0,0,0
01033,Bellegarde-sur-Valserine,82,01,655,373,203,36,21,16,4,2,0,0
01034,Belley,82,01,708,421,191,40,25,18,8,3,2,0
01035,Belleydoux,82,01,15,11,4,0,0,0,0,0,0,0
01036,Belmont-Luthézieu,82,01,20,16,4,0,0,0,0,0,0,0
01037,Bénonces,82,01,9,7,2,0,0,0,0,0,0,0
01038,Bény,82,01,31,25,4,1,1,0,0,0,0,0
01039,Béon,82,01,27,16,3,6,2,0,0,0,0,0
01040,Béréziat,82,01,13,10,3,0,0,0,0,0,0,0
01041,Bettant,82,01,18,14,3,1,0,0,0,0,0,0
01042,Bey,82,01,7,5,1,1,0,0,0,0,0,0
01043,Beynost,82,01,480,262,133,37,25,16,2,3,1,1
01044,Billiat,82,01,28,21,4,2,1,0,0,0,0,0
01045,Birieux,82,01,14,8,5,1,0,0,0,0,0,0
01046,Biziat,82,01,36,25,9,1,1,0,0,0,0,0
01047,Blyes,82,01,96,44,20,13,9,5,4,0,1,0
01049,La Boisse,82,01,195,135,36,10,8,3,2,0,1,0
01050,Boissey,82,01,5,3,1,0,0,1,0,0,0,0
01051,Bolozon,82,01,6,5,1,0,0,0,0,0,0,0
01052,Bouligneux,82,01,14,9,4,0,1,0,0,0,0,0
01053,Bourg-en-Bresse,82,01,3103,1722,911,165,159,87,36,13,8,2
01054,Bourg-Saint-Christophe,82,01,42,35,6,1,0,0,0,0,0,0
01056,Boyeux-Saint-Jérôme,82,01,17,13,4,0,0,0,0,0,0,0
01057,Boz,82,01,26,19,5,1,1,0,0,0,0,0
01058,Brégnier-Cordon,82,01,44,33,7,0,1,3,0,0,0,0
01059,Brénaz,82,01,6,5,1,0,0,0,0,0,0,0
01060,Brénod,82,01,23,17,4,1,0,1,0,0,0,0
01061,Brens,82,01,35,30,4,0,1,0,0,0,0,0
01062,Bressolles,82,01,44,28,9,2,2,1,2,0,0,0
01063,Brion,82,01,39,20,7,3,2,5,2,0,0,0
01064,Briord,82,01,45,33,7,2,1,1,0,0,1,0
01065,Buellas,82,01,68,44,20,2,1,1,0,0,0,0
01066,La Burbanche,82,01,5,4,1,0,0,0,0,0,0,0
01067,Ceignes,82,01,16,9,3,0,3,1,0,0,0,0
01068,Cerdon,82,01,40,28,10,2,0,0,0,0,0,0
01069,Certines,82,01,57,39,8,1,3,4,2,0,0,0
01071,Cessy,82,01,181,115,47,11,4,4,0,0,0,0
01072,Ceyzériat,82,01,188,114,47,9,9,4,5,0,0,0
01073,Ceyzérieu,82,01,41,27,13,0,0,1,0,0,0,0
01074,Chalamont,82,01,155,106,37,3,6,2,1,0,0,0
01075,Chaleins,82,01,81,55,17,0,3,4,2,0,0,0
01076,Chaley,82,01,6,6,0,0,0,0,0,0,0,0
01077,Challes-la-Montagne,82,01,11,10,1,0,0,0,0,0,0,0
01078,Challex,82,01,32,23,7,1,0,1,0,0,0,0
01079,Champagne-en-Valromey,82,01,65,45,15,3,2,0,0,0,0,0
01080,Champdor,82,01,17,12,3,0,1,1,0,0,0,0
01081,Champfromier,82,01,35,26,8,0,0,0,0,0,1,0
01082,Chanay,82,01,15,13,1,0,0,0,0,1,0,0
01083,Chaneins,82,01,55,37,15,1,2,0,0,0,0,0
01084,Chanoz-Châtenay,82,01,35,32,2,1,0,0,0,0,0,0
01085,La Chapelle-du-Châtelard,82,01,21,17,2,2,0,0,0,0,0,0
01087,Charix,82,01,10,9,0,1,0,0,0,0,0,0
01088,Charnoz-sur-Ain,82,01,63,36,17,4,3,3,0,0,0,0
01089,Château-Gaillard,82,01,119,61,33,14,8,2,1,0,0,0
01090,Châtenay,82,01,19,15,3,0,1,0,0,0,0,0
01091,Châtillon-en-Michaille,82,01,193,114,51,11,6,7,2,1,1,0
01092,Châtillon-la-Palud,82,01,64,49,13,1,1,0,0,0,0,0
01093,Châtillon-sur-Chalaronne,82,01,388,223,112,24,18,8,1,0,2,0
01094,Chavannes-sur-Reyssouze,82,01,28,21,6,0,0,1,0,0,0,0
01095,Chavannes-sur-Suran,82,01,33,28,4,0,0,0,1,0,0,0
01096,Chaveyriat,82,01,41,27,11,1,2,0,0,0,0,0
01097,Chavornay,82,01,7,4,3,0,0,0,0,0,0,0
01098,Chazey-Bons,82,01,65,32,18,6,3,5,1,0,0,0
01099,Chazey-sur-Ain,82,01,91,60,27,3,0,1,0,0,0,0
01100,Cheignieu-la-Balme,82,01,7,6,1,0,0,0,0,0,0,0
01101,Chevillard,82,01,5,4,1,0,0,0,0,0,0,0
01102,Chevroux,82,01,32,22,6,1,2,1,0,0,0,0
01103,Chevry,82,01,22,18,3,0,1,0,0,0,0,0
01104,Chézery-Forens,82,01,23,11,11,0,1,0,0,0,0,0
01105,Civrieux,82,01,103,73,23,2,2,2,1,0,0,0
01106,Cize,82,01,7,6,1,0,0,0,0,0,0,0
01107,Cleyzieu,82,01,3,3,0,0,0,0,0,0,0,0
01108,Coligny,82,01,76,50,20,4,2,0,0,0,0,0
01109,Collonges,82,01,75,59,13,2,1,0,0,0,0,0
01110,Colomieu,82,01,9,6,3,0,0,0,0,0,0,0
01111,Conand,82,01,4,3,1,0,0,0,0,0,0,0
01112,Condamine,82,01,20,14,4,2,0,0,0,0,0,0
01113,Condeissiat,82,01,35,24,7,3,1,0,0,0,0,0
01114,Confort,82,01,23,16,5,0,0,0,2,0,0,0
01115,Confrançon,82,01,56,37,12,4,2,1,0,0,0,0
01116,Contrevoz,82,01,19,15,4,0,0,0,0,0,0,0
01117,Conzieu,82,01,4,4,0,0,0,0,0,0,0,0
01118,Corbonod,82,01,52,40,7,2,2,0,0,1,0,0
01119,Corcelles,82,01,6,5,1,0,0,0,0,0,0,0
01121,Corlier,82,01,6,5,0,1,0,0,0,0,0,0
01122,Cormaranche-en-Bugey,82,01,38,28,7,1,1,1,0,0,0,0
01123,Cormoranche-sur-Saône,82,01,42,32,7,0,0,2,1,0,0,0
01124,Cormoz,82,01,28,19,9,0,0,0,0,0,0,0
01125,Corveissiat,82,01,26,16,6,0,1,3,0,0,0,0
01127,Courmangoux,82,01,24,21,3,0,0,0,0,0,0,0
01128,Courtes,82,01,15,10,2,1,1,0,0,1,0,0
01129,Crans,82,01,7,6,1,0,0,0,0,0,0,0
01130,Cras-sur-Reyssouze,82,01,47,32,9,1,4,1,0,0,0,0
01133,Cressin-Rochefort,82,01,10,8,2,0,0,0,0,0,0,0
01134,Crottet,82,01,100,64,27,3,2,3,1,0,0,0
01135,Crozet,82,01,99,70,19,5,4,0,1,0,0,0
01136,Cruzilles-lès-Mépillat,82,01,22,20,2,0,0,0,0,0,0,0
01138,Culoz,82,01,176,119,44,4,2,4,2,0,0,1
01139,Curciat-Dongalon,82,01,19,11,6,1,1,0,0,0,0,0
01140,Curtafond,82,01,27,17,7,1,0,2,0,0,0,0
01141,Cuzieu,82,01,9,6,3,0,0,0,0,0,0,0
01142,Dagneux,82,01,272,158,64,18,15,13,3,0,1,0
01143,Divonne-les-Bains,82,01,534,373,125,17,13,4,0,1,1,0
01144,Dommartin,82,01,19,17,2,0,0,0,0,0,0,0
01145,Dompierre-sur-Veyle,82,01,58,48,8,0,1,1,0,0,0,0
01146,Dompierre-sur-Chalaronne,82,01,24,21,2,1,0,0,0,0,0,0
01147,Domsure,82,01,23,19,4,0,0,0,0,0,0,0
01148,Dortan,82,01,93,51,32,7,2,1,0,0,0,0
01149,Douvres,82,01,24,20,4,0,0,0,0,0,0,0
01150,Drom,82,01,6,4,1,1,0,0,0,0,0,0
01151,Druillat,82,01,57,43,14,0,0,0,0,0,0,0
01152,Échallon,82,01,29,24,4,1,0,0,0,0,0,0
01153,Échenevex,82,01,52,44,6,1,1,0,0,0,0,0
01154,Étrez,82,01,29,18,8,1,0,0,2,0,0,0
01155,Évosges,82,01,11,9,2,0,0,0,0,0,0,0
01156,Faramans,82,01,21,14,7,0,0,0,0,0,0,0
01157,Fareins,82,01,167,123,30,6,8,0,0,0,0,0
01158,Farges,82,01,20,16,4,0,0,0,0,0,0,0
01159,Feillens,82,01,220,130,53,15,12,6,3,0,1,0
01160,Ferney-Voltaire,82,01,665,394,182,43,26,14,4,2,0,0
01162,Flaxieu,82,01,4,4,0,0,0,0,0,0,0,0
01163,Foissiat,82,01,81,58,18,3,2,0,0,0,0,0
01165,Francheleins,82,01,42,36,4,1,0,1,0,0,0,0
01166,Frans,82,01,109,77,25,3,1,3,0,0,0,0
01167,Garnerans,82,01,35,26,8,0,0,1,0,0,0,0
01169,Genouilleux,82,01,21,16,5,0,0,0,0,0,0,0
01170,Béard-Géovreissiat,82,01,42,25,10,0,3,4,0,0,0,0
01171,Géovreisset,82,01,45,31,10,2,0,1,1,0,0,0
01172,Germagnat,82,01,6,6,0,0,0,0,0,0,0,0
01173,Gex,82,01,494,342,114,25,6,6,1,0,0,0
01174,Giron,82,01,10,9,1,0,0,0,0,0,0,0
01175,Gorrevod,82,01,29,18,4,1,4,2,0,0,0,0
01176,Le Grand-Abergement,82,01,6,5,1,0,0,0,0,0,0,0
01177,Grand-Corent,82,01,2,2,0,0,0,0,0,0,0,0
01179,Grièges,82,01,86,67,15,1,2,0,0,0,1,0
01180,Grilly,82,01,28,20,7,1,0,0,0,0,0,0
01181,Groissiat,82,01,93,48,15,7,9,11,2,1,0,0
01182,Groslée,82,01,25,20,3,1,1,0,0,0,0,0
01183,Guéreins,82,01,122,63,37,8,11,3,0,0,0,0
01184,Hautecourt-Romanèche,82,01,35,28,5,2,0,0,0,0,0,0
01185,Hauteville-Lompnes,82,01,238,132,78,10,10,5,1,1,1,0
01186,Hostiaz,82,01,4,4,0,0,0,0,0,0,0,0
01187,Hotonnes,82,01,42,27,12,2,0,1,0,0,0,0
01188,Illiat,82,01,29,23,5,1,0,0,0,0,0,0
01189,Injoux-Génissiat,82,01,37,29,6,1,0,1,0,0,0,0
01190,Innimond,82,01,6,5,1,0,0,0,0,0,0,0
01191,Izenave,82,01,12,10,2,0,0,0,0,0,0,0
01192,Izernore,82,01,156,71,44,12,13,9,4,3,0,0
01193,Izieu,82,01,4,4,0,0,0,0,0,0,0,0
01194,Jassans-Riottier,82,01,330,209,84,16,12,5,3,1,0,0
01195,Jasseron,82,01,73,45,14,3,6,4,1,0,0,0
01196,Jayat,82,01,55,30,17,4,2,1,1,0,0,0
01197,Journans,82,01,18,16,1,1,0,0,0,0,0,0
01198,Joyeux,82,01,8,6,2,0,0,0,0,0,0,0
01199,Jujurieux,82,01,110,82,16,4,4,2,2,0,0,0
01200,Labalme,82,01,14,11,3,0,0,0,0,0,0,0
01202,Lagnieu,82,01,394,278,83,11,16,3,1,1,1,0
01203,Laiz,82,01,56,37,12,2,3,0,1,1,0,0
01204,Lalleyriat,82,01,14,8,5,0,1,0,0,0,0,0
01205,Lancrans,82,01,36,25,6,2,2,1,0,0,0,0
01206,Lantenay,82,01,5,4,0,0,0,1,0,0,0,0
01207,Lapeyrouse,82,01,19,12,6,0,0,1,0,0,0,0
01208,Lavours,82,01,7,6,1,0,0,0,0,0,0,0
01209,Léaz,82,01,13,12,1,0,0,0,0,0,0,0
01210,Lélex,82,01,61,35,23,3,0,0,0,0,0,0
01211,Lent,82,01,47,31,13,0,1,2,0,0,0,0
01212,Lescheroux,82,01,31,26,3,2,0,0,0,0,0,0
01213,Leyment,82,01,64,46,9,3,4,1,1,0,0,0
01214,Leyssard,82,01,3,3,0,0,0,0,0,0,0,0
01215,Lhôpital,82,01,1,1,0,0,0,0,0,0,0,0
01216,Lhuis,82,01,53,43,9,0,0,0,1,0,0,0
01218,Lochieu,82,01,11,10,1,0,0,0,0,0,0,0
01219,Lompnas,82,01,8,7,1,0,0,0,0,0,0,0
01221,Lompnieu,82,01,7,6,1,0,0,0,0,0,0,0
01224,Loyettes,82,01,170,109,39,8,5,5,4,0,0,0
01225,Lurcy,82,01,9,8,1,0,0,0,0,0,0,0
01227,Magnieu,82,01,15,13,0,0,0,2,0,0,0,0
01228,Maillat,82,01,50,29,14,2,4,0,1,0,0,0
01229,Malafretaz,82,01,47,30,10,5,2,0,0,0,0,0
01230,Mantenay-Montlin,82,01,8,5,1,1,1,0,0,0,0,0
01231,Manziat,82,01,90,47,29,4,3,5,1,1,0,0
01232,Marboz,82,01,130,93,29,3,3,1,1,0,0,0
01233,Marchamp,82,01,4,4,0,0,0,0,0,0,0,0
01234,Marignieu,82,01,9,8,0,0,1,0,0,0,0,0
01235,Marlieux,82,01,54,38,12,2,2,0,0,0,0,0
01236,Marsonnas,82,01,24,19,4,1,0,0,0,0,0,0
01237,Martignat,82,01,103,50,34,4,4,7,2,2,0,0
01238,Massieux,82,01,138,84,37,8,5,2,1,1,0,0
01239,Massignieu-de-Rives,82,01,41,33,7,0,1,0,0,0,0,0
01240,Matafelon-Granges,82,01,33,27,6,0,0,0,0,0,0,0
01241,Meillonnas,82,01,73,54,12,2,4,0,1,0,0,0
01242,Mérignat,82,01,3,2,0,1,0,0,0,0,0,0
01243,Messimy-sur-Saône,82,01,83,64,17,2,0,0,0,0,0,0
01244,Meximieux,82,01,516,320,144,25,17,9,0,1,0,0
01245,Bohas-Meyriat-Rignat,82,01,41,34,6,0,1,0,0,0,0,0
01246,Mézériat,82,01,133,96,29,3,3,2,0,0,0,0
01247,Mijoux,82,01,51,36,11,3,1,0,0,0,0,0
01248,Mionnay,82,01,138,99,29,4,5,1,0,0,0,0
01249,Miribel,82,01,690,412,168,40,28,29,8,3,2,0
01250,Misérieux,82,01,78,63,13,1,1,0,0,0,0,0
01252,Mogneneins,82,01,29,20,7,2,0,0,0,0,0,0
01254,Montagnat,82,01,127,66,42,8,8,3,0,0,0,0
01255,Montagnieu,82,01,18,12,4,1,1,0,0,0,0,0
01257,Montanges,82,01,14,11,2,0,1,0,0,0,0,0
01258,Montceaux,82,01,47,32,14,0,0,1,0,0,0,0
01259,Montcet,82,01,23,22,1,0,0,0,0,0,0,0
01260,Le Montellier,82,01,10,7,3,0,0,0,0,0,0,0
01261,Monthieux,82,01,38,28,8,0,0,2,0,0,0,0
01262,Montluel,82,01,395,267,94,15,10,6,1,1,0,1
01263,Montmerle-sur-Saône,82,01,213,128,59,14,8,1,3,0,0,0
01264,Montracol,82,01,42,29,12,0,1,0,0,0,0,0
01265,Montréal-la-Cluse,82,01,257,143,78,16,8,6,3,3,0,0
01266,Montrevel-en-Bresse,82,01,185,93,61,11,10,10,0,0,0,0
01267,Nurieux-Volognat,82,01,56,31,15,2,6,1,0,1,0,0
01268,Murs-et-Gélignieux,82,01,22,15,6,1,0,0,0,0,0,0
01269,Nantua,82,01,231,150,55,12,8,3,3,0,0,0
01271,Nattages,82,01,26,24,2,0,0,0,0,0,0,0
01272,Neuville-les-Dames,82,01,92,60,27,1,2,2,0,0,0,0
01273,Neuville-sur-Ain,82,01,76,54,15,2,1,3,0,0,1,0
01274,Les Neyrolles,82,01,23,12,5,2,3,1,0,0,0,0
01275,Neyron,82,01,240,148,52,11,15,11,1,2,0,0
01276,Niévroz,82,01,94,71,16,0,4,3,0,0,0,0
01277,Nivollet-Montgriffon,82,01,4,4,0,0,0,0,0,0,0,0
01279,Oncieu,82,01,4,4,0,0,0,0,0,0,0,0
01280,Ordonnaz,82,01,13,11,2,0,0,0,0,0,0,0
01281,Ornex,82,01,147,103,30,7,4,3,0,0,0,0
01282,Outriaz,82,01,9,6,1,0,1,0,1,0,0,0
01283,Oyonnax,82,01,1516,857,444,80,78,36,14,6,1,0
01284,Ozan,82,01,37,23,9,4,0,1,0,0,0,0
01285,Parcieux,82,01,46,34,9,1,0,2,0,0,0,0
01286,Parves,82,01,8,7,1,0,0,0,0,0,0,0
01288,Péron,82,01,80,57,16,2,4,1,0,0,0,0
01289,Péronnas,82,01,420,227,119,29,20,17,5,2,0,1
01290,Pérouges,82,01,104,71,25,6,1,1,0,0,0,0
01291,Perrex,82,01,31,19,8,1,1,1,1,0,0,0
01292,Le Petit-Abergement,82,01,12,9,2,0,1,0,0,0,0,0
01293,Peyriat,82,01,9,9,0,0,0,0,0,0,0,0
01294,Peyrieu,82,01,36,25,7,1,1,2,0,0,0,0
01295,Peyzieux-sur-Saône,82,01,22,17,3,2,0,0,0,0,0,0
01296,Pirajoux,82,01,11,8,3,0,0,0,0,0,0,0
01297,Pizay,82,01,28,20,6,1,1,0,0,0,0,0
01298,Plagne,82,01,4,3,1,0,0,0,0,0,0,0
01299,Le Plantay,82,01,25,23,2,0,0,0,0,0,0,0
01300,Le Poizat,82,01,15,12,3,0,0,0,0,0,0,0
01301,Polliat,82,01,123,79,31,8,1,4,0,0,0,0
01302,Pollieu,82,01,10,8,1,0,0,1,0,0,0,0
01303,Poncin,82,01,102,73,21,4,1,1,1,0,1,0
01304,Pont-d'Ain,82,01,206,129,53,9,11,2,2,0,0,0
01305,Pont-de-Vaux,82,01,245,144,70,13,13,3,1,1,0,0
01306,Pont-de-Veyle,82,01,92,65,19,3,2,2,1,0,0,0
01307,Port,82,01,68,36,18,7,2,1,3,1,0,0
01308,Pougny,82,01,21,18,3,0,0,0,0,0,0,0
01309,Pouillat,82,01,1,1,0,0,0,0,0,0,0,0
01310,Prémeyzel,82,01,12,8,2,0,0,1,1,0,0,0
01311,Prémillieu,82,01,3,1,2,0,0,0,0,0,0,0
01312,Pressiat,82,01,12,9,3,0,0,0,0,0,0,0
01313,Prévessin-Moëns,82,01,203,155,34,6,7,1,0,0,0,0
01314,Priay,82,01,86,56,25,2,2,0,1,0,0,0
01316,Pugieu,82,01,13,11,2,0,0,0,0,0,0,0
01317,Ramasse,82,01,4,4,0,0,0,0,0,0,0,0
01318,Rancé,82,01,35,22,10,1,2,0,0,0,0,0
01319,Relevant,82,01,29,23,6,0,0,0,0,0,0,0
01320,Replonges,82,01,191,107,47,13,10,12,1,1,0,0
01321,Revonnas,82,01,31,25,6,0,0,0,0,0,0,0
01322,Reyrieux,82,01,305,212,57,16,5,7,5,1,1,1
01323,Reyssouze,82,01,45,39,4,0,0,2,0,0,0,0
01325,Rignieux-le-Franc,82,01,36,26,7,2,0,1,0,0,0,0
01328,Romans,82,01,30,20,6,1,0,2,1,0,0,0
01329,Rossillon,82,01,7,7,0,0,0,0,0,0,0,0
01330,Ruffieu,82,01,18,14,4,0,0,0,0,0,0,0
01331,Saint-Alban,82,01,8,7,1,0,0,0,0,0,0,0
01332,Saint-André-de-Bâgé,82,01,25,14,8,1,1,1,0,0,0,0
01333,Saint-André-de-Corcy,82,01,244,145,64,15,13,4,3,0,0,0
01334,Saint-André-d'Huiriat,82,01,28,21,6,0,1,0,0,0,0,0
01335,Saint-André-le-Bouchoux,82,01,11,4,6,0,1,0,0,0,0,0
01336,Saint-André-sur-Vieux-Jonc,82,01,35,25,8,1,0,0,0,1,0,0
01337,Saint-Bénigne,82,01,53,37,9,3,3,0,1,0,0,0
01338,Saint-Benoît,82,01,51,36,10,1,2,1,1,0,0,0
01339,Saint-Bernard,82,01,69,55,12,1,0,0,1,0,0,0
01340,Saint-Bois,82,01,5,3,2,0,0,0,0,0,0,0
01341,Saint-Champ,82,01,9,9,0,0,0,0,0,0,0,0
01342,Sainte-Croix,82,01,24,15,6,2,0,1,0,0,0,0
01343,Saint-Cyr-sur-Menthon,82,01,88,60,20,1,4,1,1,0,1,0
01344,Saint-Denis-lès-Bourg,82,01,295,175,74,24,13,5,4,0,0,0
01345,Saint-Denis-en-Bugey,82,01,89,69,17,3,0,0,0,0,0,0
01346,Saint-Didier-d'Aussiat,82,01,34,25,8,0,1,0,0,0,0,0
01347,Saint-Didier-de-Formans,82,01,94,75,18,0,0,1,0,0,0,0
01348,Saint-Didier-sur-Chalaronne,82,01,174,106,44,12,7,3,1,1,0,0
01349,Saint-Éloi,82,01,19,15,4,0,0,0,0,0,0,0
01350,Saint-Étienne-du-Bois,82,01,113,63,36,5,6,2,1,0,0,0
01351,Saint-Étienne-sur-Chalaronne,82,01,62,49,12,0,1,0,0,0,0,0
01352,Saint-Étienne-sur-Reyssouze,82,01,14,13,0,0,1,0,0,0,0,0
01353,Sainte-Euphémie,82,01,76,44,28,2,2,0,0,0,0,0
01354,Saint-Genis-Pouilly,82,01,543,329,128,38,27,16,5,0,0,0
01355,Saint-Genis-sur-Menthon,82,01,19,13,4,0,2,0,0,0,0,0
01356,Saint-Georges-sur-Renon,82,01,11,8,3,0,0,0,0,0,0,0
01357,Saint-Germain-de-Joux,82,01,18,14,3,1,0,0,0,0,0,0
01358,Saint-Germain-les-Paroisses,82,01,14,9,4,0,1,0,0,0,0,0
01359,Saint-Germain-sur-Renon,82,01,10,8,2,0,0,0,0,0,0,0
01360,Saint-Jean-de-Gonville,82,01,72,54,10,1,4,3,0,0,0,0
01361,Saint-Jean-de-Niost,82,01,83,65,14,2,0,0,1,1,0,0
01362,Saint-Jean-de-Thurigneux,82,01,42,22,18,1,1,0,0,0,0,0
01363,Saint-Jean-le-Vieux,82,01,91,63,21,3,2,1,0,1,0,0
01364,Saint-Jean-sur-Reyssouze,82,01,29,24,4,0,0,0,1,0,0,0
01365,Saint-Jean-sur-Veyle,82,01,48,33,11,1,2,1,0,0,0,0
01366,Sainte-Julie,82,01,26,19,3,1,0,2,0,0,1,0
01367,Saint-Julien-sur-Reyssouze,82,01,35,23,7,2,3,0,0,0,0,0
01368,Saint-Julien-sur-Veyle,82,01,26,19,4,1,1,1,0,0,0,0
01369,Saint-Just,82,01,53,36,9,4,1,0,2,1,0,0
01370,Saint-Laurent-sur-Saône,82,01,137,95,31,9,2,0,0,0,0,0
01371,Saint-Marcel,82,01,39,30,8,1,0,0,0,0,0,0
01372,Saint-Martin-de-Bavel,82,01,22,17,3,2,0,0,0,0,0,0
01373,Saint-Martin-du-Frêne,82,01,76,50,15,1,4,4,2,0,0,0
01374,Saint-Martin-du-Mont,82,01,87,65,15,2,4,1,0,0,0,0
01375,Saint-Martin-le-Châtel,82,01,19,16,1,1,0,1,0,0,0,0
01376,Saint-Maurice-de-Beynost,82,01,207,135,35,11,10,8,4,2,2,0
01378,Saint-Maurice-de-Gourdans,82,01,109,80,23,1,4,0,1,0,0,0
01379,Saint-Maurice-de-Rémens,82,01,19,16,3,0,0,0,0,0,0,0
01380,Saint-Nizier-le-Bouchoux,82,01,31,22,8,1,0,0,0,0,0,0
01381,Saint-Nizier-le-Désert,82,01,39,27,11,1,0,0,0,0,0,0
01382,Sainte-Olive,82,01,16,11,5,0,0,0,0,0,0,0
01383,Saint-Paul-de-Varax,82,01,75,53,14,3,2,1,2,0,0,0
01384,Saint-Rambert-en-Bugey,82,01,134,97,28,1,3,3,2,0,0,0
01385,Saint-Rémy,82,01,50,28,15,2,1,2,2,0,0,0
01386,Saint-Sorlin-en-Bugey,82,01,57,38,12,2,4,0,0,1,0,0
01387,Saint-Sulpice,82,01,9,8,1,0,0,0,0,0,0,0
01388,Saint-Trivier-de-Courtes,82,01,74,45,17,5,3,4,0,0,0,0
01389,Saint-Trivier-sur-Moignans,82,01,122,86,30,0,2,3,1,0,0,0
01390,Saint-Vulbas,82,01,180,87,31,15,16,9,8,10,3,1
01391,Salavre,82,01,13,10,1,0,0,2,0,0,0,0
01392,Samognat,82,01,26,20,5,0,0,1,0,0,0,0
01393,Sandrans,82,01,30,25,4,0,1,0,0,0,0,0
01396,Sault-Brénaz,82,01,45,33,7,0,3,2,0,0,0,0
01397,Sauverny,82,01,33,31,1,0,1,0,0,0,0,0
01398,Savigneux,82,01,75,49,20,1,2,3,0,0,0,0
01399,Ségny,82,01,77,41,29,0,5,1,0,1,0,0
01400,Seillonnaz,82,01,8,8,0,0,0,0,0,0,0,0
01401,Sergy,82,01,40,35,5,0,0,0,0,0,0,0
01402,Sermoyer,82,01,17,12,4,0,1,0,0,0,0,0
01403,Serrières-de-Briord,82,01,66,47,17,1,0,1,0,0,0,0
01404,Serrières-sur-Ain,82,01,7,7,0,0,0,0,0,0,0,0
01405,Servas,82,01,49,30,12,3,1,0,0,3,0,0
01406,Servignat,82,01,4,4,0,0,0,0,0,0,0,0
01407,Seyssel,82,01,63,46,15,0,2,0,0,0,0,0
01408,Simandre-sur-Suran,82,01,28,18,5,3,0,1,1,0,0,0
01409,Songieu,82,01,4,3,0,0,1,0,0,0,0,0
01410,Sonthonnax-la-Montagne,82,01,12,7,4,1,0,0,0,0,0,0
01411,Souclin,82,01,6,5,1,0,0,0,0,0,0,0
01412,Sulignat,82,01,30,24,3,1,2,0,0,0,0,0
01413,Surjoux,82,01,1,0,1,0,0,0,0,0,0,0
01414,Sutrieu,82,01,10,8,2,0,0,0,0,0,0,0
01415,Talissieu,82,01,22,18,2,1,0,1,0,0,0,0
01416,Tenay,82,01,45,30,13,1,0,0,1,0,0,0
01417,Thézillieu,82,01,7,4,3,0,0,0,0,0,0,0
01418,Thil,82,01,47,30,12,2,1,1,0,1,0,0
01419,Thoiry,82,01,287,150,87,27,15,6,0,1,1,0
01420,Thoissey,82,01,115,82,29,2,2,0,0,0,0,0
01421,Torcieu,82,01,28,17,7,0,1,3,0,0,0,0
01422,Tossiat,82,01,80,50,21,4,2,0,2,1,0,0
01423,Toussieux,82,01,45,42,3,0,0,0,0,0,0,0
01424,Tramoyes,82,01,85,63,16,2,3,1,0,0,0,0
01425,La Tranclière,82,01,9,2,7,0,0,0,0,0,0,0
01426,Treffort-Cuisiat,82,01,122,84,23,2,5,4,4,0,0,0
01427,Trévoux,82,01,510,333,109,31,21,6,7,2,1,0
01428,Valeins,82,01,7,6,1,0,0,0,0,0,0,0
01429,Vandeins,82,01,18,14,2,1,1,0,0,0,0,0
01430,Varambon,82,01,21,15,5,0,1,0,0,0,0,0
01431,Vaux-en-Bugey,82,01,58,37,14,4,1,1,1,0,0,0
01432,Verjon,82,01,12,9,3,0,0,0,0,0,0,0
01433,Vernoux,82,01,9,7,0,0,0,1,1,0,0,0
01434,Versailleux,82,01,21,16,5,0,0,0,0,0,0,0
01435,Versonnex,82,01,55,48,7,0,0,0,0,0,0,0
01436,Vesancy,82,01,17,16,1,0,0,0,0,0,0,0
01437,Vescours,82,01,5,5,0,0,0,0,0,0,0,0
01439,Vésines,82,01,10,9,1,0,0,0,0,0,0,0
01441,Vieu-d'Izenave,82,01,43,25,9,4,2,3,0,0,0,0
01442,Vieu,82,01,16,15,1,0,0,0,0,0,0,0
01443,Villars-les-Dombes,82,01,307,194,75,16,7,10,4,1,0,0
01444,Villebois,82,01,49,39,6,2,1,1,0,0,0,0
01445,Villemotier,82,01,25,20,4,0,1,0,0,0,0,0
01446,Villeneuve,82,01,85,61,20,3,1,0,0,0,0,0
01447,Villereversure,82,01,61,40,13,2,3,0,3,0,0,0
01448,Villes,82,01,9,6,3,0,0,0,0,0,0,0
01449,Villette-sur-Ain,82,01,54,40,12,2,0,0,0,0,0,0
01450,Villieu-Loyes-Mollon,82,01,184,138,35,5,2,2,2,0,0,0
01451,Viriat,82,01,503,238,129,50,40,31,11,4,0,0
01452,Virieu-le-Grand,82,01,63,44,12,1,6,0,0,0,0,0
01453,Virieu-le-Petit,82,01,19,13,5,1,0,0,0,0,0,0
01454,Virignin,82,01,61,40,14,5,1,1,0,0,0,0
01456,Vongnes,82,01,6,5,0,1,0,0,0,0,0,0
01457,Vonnas,82,01,201,125,52,7,8,5,3,1,0,0
02001,Abbécourt,22,02,21,15,4,0,1,1,0,0,0,0
02002,Achery,22,02,21,16,5,0,0,0,0,0,0,0
02003,Acy,22,02,28,20,5,0,2,0,0,1,0,0
02004,Agnicourt-et-Séchelles,22,02,1,1,0,0,0,0,0,0,0,0
02005,Aguilcourt,22,02,13,12,1,0,0,0,0,0,0,0
02006,Aisonville-et-Bernoville,22,02,15,11,3,1,0,0,0,0,0,0
02007,Aizelles,22,02,3,3,0,0,0,0,0,0,0,0
02008,Aizy-Jouy,22,02,4,3,1,0,0,0,0,0,0,0
02009,Alaincourt,22,02,14,11,3,0,0,0,0,0,0,0
02010,Allemant,22,02,6,4,1,0,1,0,0,0,0,0
02011,Ambleny,22,02,49,36,10,1,1,1,0,0,0,0
02012,Ambrief,22,02,4,4,0,0,0,0,0,0,0,0
02013,Amifontaine,22,02,24,17,6,0,0,1,0,0,0,0
02014,Amigny-Rouy,22,02,22,19,2,0,1,0,0,0,0,0
02015,Ancienville,22,02,5,4,1,0,0,0,0,0,0,0
02016,Andelain,22,02,6,4,1,1,0,0,0,0,0,0
02017,Anguilcourt-le-Sart,22,02,13,13,0,0,0,0,0,0,0,0
02018,Anizy-le-Château,22,02,83,49,25,3,1,3,1,0,1,0
02019,Annois,22,02,9,5,4,0,0,0,0,0,0,0
02020,Any-Martin-Rieux,22,02,16,12,3,0,1,0,0,0,0,0
02021,Archon,22,02,4,4,0,0,0,0,0,0,0,0
02022,Arcy-Sainte-Restitue,22,02,10,3,5,0,2,0,0,0,0,0
02023,Armentières-sur-Ourcq,22,02,6,3,3,0,0,0,0,0,0,0
02024,Arrancy,22,02,1,1,0,0,0,0,0,0,0,0
02025,Artemps,22,02,10,6,3,1,0,0,0,0,0,0
02026,Artonges,22,02,6,6,0,0,0,0,0,0,0,0
02027,Assis-sur-Serre,22,02,9,6,3,0,0,0,0,0,0,0
02028,Athies-sous-Laon,22,02,85,53,20,3,3,4,0,2,0,0
02029,Attilly,22,02,9,6,2,1,0,0,0,0,0,0
02030,Aubencheul-aux-Bois,22,02,9,6,3,0,0,0,0,0,0,0
02031,Aubenton,22,02,33,22,7,2,1,1,0,0,0,0
02032,Aubigny-aux-Kaisnes,22,02,6,4,1,0,1,0,0,0,0,0
02033,Aubigny-en-Laonnois,22,02,2,2,0,0,0,0,0,0,0,0
02034,Audignicourt,22,02,0,0,0,0,0,0,0,0,0,0
02035,Audigny,22,02,9,8,1,0,0,0,0,0,0,0
02036,Augy,22,02,1,1,0,0,0,0,0,0,0,0
02037,Aulnois-sous-Laon,22,02,38,27,5,3,2,1,0,0,0,0
02038,Les Autels,22,02,1,0,1,0,0,0,0,0,0,0
02039,Autremencourt,22,02,11,7,4,0,0,0,0,0,0,0
02040,Autreppes,22,02,6,3,2,0,1,0,0,0,0,0
02041,Autreville,22,02,24,15,8,0,0,1,0,0,0,0
02042,Azy-sur-Marne,22,02,17,14,2,0,0,1,0,0,0,0
02043,Bagneux,22,02,1,1,0,0,0,0,0,0,0,0
02044,Bancigny,22,02,1,1,0,0,0,0,0,0,0,0
02046,Barenton-Bugny,22,02,16,9,6,0,1,0,0,0,0,0
02047,Barenton-Cel,22,02,4,4,0,0,0,0,0,0,0,0
02048,Barenton-sur-Serre,22,02,7,4,2,1,0,0,0,0,0,0
02049,Barisis,22,02,24,17,4,1,1,1,0,0,0,0
02050,Barzy-en-Thiérache,22,02,6,5,1,0,0,0,0,0,0,0
02051,Barzy-sur-Marne,22,02,12,9,3,0,0,0,0,0,0,0
02052,Bassoles-Aulers,22,02,4,4,0,0,0,0,0,0,0,0
02053,Baulne-en-Brie,22,02,7,6,1,0,0,0,0,0,0,0
02054,Bazoches-sur-Vesles,22,02,16,14,2,0,0,0,0,0,0,0
02055,Beaumé,22,02,3,2,1,0,0,0,0,0,0,0
02056,Beaumont-en-Beine,22,02,6,5,1,0,0,0,0,0,0,0
02057,Beaurevoir,22,02,55,34,15,0,5,0,1,0,0,0
02058,Beaurieux,22,02,42,26,11,2,2,1,0,0,0,0
02059,Beautor,22,02,75,48,16,1,4,4,0,1,1,0
02060,Beauvois-en-Vermandois,22,02,11,7,3,0,0,1,0,0,0,0
02061,Becquigny,22,02,5,5,0,0,0,0,0,0,0,0
02062,Belleau,22,02,6,6,0,0,0,0,0,0,0,0
02063,Bellenglise,22,02,15,14,1,0,0,0,0,0,0,0
02064,Belleu,22,02,89,47,30,7,1,3,1,0,0,0
02065,Bellicourt,22,02,18,13,4,1,0,0,0,0,0,0
02066,Benay,22,02,6,2,1,2,1,0,0,0,0,0
02067,Bergues-sur-Sambre,22,02,7,3,4,0,0,0,0,0,0,0
02068,Berlancourt,22,02,5,5,0,0,0,0,0,0,0,0
02069,Berlise,22,02,2,2,0,0,0,0,0,0,0,0
02070,Bernot,22,02,12,10,1,1,0,0,0,0,0,0
02071,Berny-Rivière,22,02,36,24,8,3,1,0,0,0,0,0
02072,Berrieux,22,02,6,4,2,0,0,0,0,0,0,0
02073,Berry-au-Bac,22,02,16,8,3,2,1,2,0,0,0,0
02074,Bertaucourt-Epourdon,22,02,18,16,1,1,0,0,0,0,0,0
02075,Berthenicourt,22,02,8,5,3,0,0,0,0,0,0,0
02076,Bertricourt,22,02,7,5,2,0,0,0,0,0,0,0
02077,Berzy-le-Sec,22,02,10,6,4,0,0,0,0,0,0,0
02078,Besmé,22,02,5,5,0,0,0,0,0,0,0,0
02079,Besmont,22,02,4,3,1,0,0,0,0,0,0,0
02080,Besny-et-Loizy,22,02,12,8,4,0,0,0,0,0,0,0
02081,Béthancourt-en-Vaux,22,02,9,6,3,0,0,0,0,0,0,0
02082,Beugneux,22,02,2,2,0,0,0,0,0,0,0,0
02083,Beuvardes,22,02,21,18,3,0,0,0,0,0,0,0
02084,Bézu-le-Guéry,22,02,11,10,1,0,0,0,0,0,0,0
02085,Bézu-Saint-Germain,22,02,36,24,5,2,3,2,0,0,0,0
02086,Bichancourt,22,02,25,22,1,0,2,0,0,0,0,0
02087,Bieuxy,22,02,0,0,0,0,0,0,0,0,0,0
02088,Bièvres,22,02,1,1,0,0,0,0,0,0,0,0
02089,Billy-sur-Aisne,22,02,51,32,7,1,7,2,1,1,0,0
02090,Billy-sur-Ourcq,22,02,6,3,3,0,0,0,0,0,0,0
02091,Blanzy-lès-Fismes,22,02,3,3,0,0,0,0,0,0,0,0
02093,Blérancourt,22,02,60,35,18,4,3,0,0,0,0,0
02094,Blesmes,22,02,31,20,6,3,2,0,0,0,0,0
02095,Bohain-en-Vermandois,22,02,230,125,81,12,2,9,0,1,0,0
02096,Bois-lès-Pargny,22,02,5,3,2,0,0,0,0,0,0,0
02097,Boncourt,22,02,9,5,3,1,0,0,0,0,0,0
02098,Bonneil,22,02,12,10,2,0,0,0,0,0,0,0
02099,Bonnesvalyn,22,02,10,8,2,0,0,0,0,0,0,0
02100,Bony,22,02,3,2,1,0,0,0,0,0,0,0
02101,Bosmont-sur-Serre,22,02,4,4,0,0,0,0,0,0,0,0
02102,Bouconville-Vauclair,22,02,10,7,3,0,0,0,0,0,0,0
02103,Boué,22,02,54,30,18,2,1,1,0,0,2,0
02104,Bouffignereux,22,02,4,3,1,0,0,0,0,0,0,0
02105,Bouresches,22,02,10,10,0,0,0,0,0,0,0,0
02106,Bourg-et-Comin,22,02,43,29,11,1,1,0,1,0,0,0
02107,Bourguignon-sous-Coucy,22,02,4,4,0,0,0,0,0,0,0,0
02108,Bourguignon-sous-Montbavin,22,02,3,3,0,0,0,0,0,0,0,0
02109,La Bouteille,22,02,15,7,6,1,1,0,0,0,0,0
02110,Braine,22,02,130,78,34,7,7,2,2,0,0,0
02111,Brancourt-en-Laonnois,22,02,21,15,4,2,0,0,0,0,0,0
02112,Brancourt-le-Grand,22,02,17,13,3,0,0,0,1,0,0,0
02114,Brasles,22,02,71,39,16,6,3,5,2,0,0,0
02115,Braye-en-Laonnois,22,02,2,2,0,0,0,0,0,0,0,0
02116,Braye-en-Thiérache,22,02,5,5,0,0,0,0,0,0,0,0
02117,Bray-Saint-Christophe,22,02,2,1,1,0,0,0,0,0,0,0
02118,Braye,22,02,3,3,0,0,0,0,0,0,0,0
02119,Brécy,22,02,13,11,1,1,0,0,0,0,0,0
02120,Brenelle,22,02,12,8,2,1,1,0,0,0,0,0
02121,Breny,22,02,12,7,5,0,0,0,0,0,0,0
02122,Brie,22,02,4,3,1,0,0,0,0,0,0,0
02123,Brissay-Choigny,22,02,17,15,2,0,0,0,0,0,0,0
02124,Brissy-Hamégicourt,22,02,19,17,2,0,0,0,0,0,0,0
02125,Brumetz,22,02,6,5,1,0,0,0,0,0,0,0
02126,Brunehamel,22,02,37,24,12,0,1,0,0,0,0,0
02127,Bruyères-sur-Fère,22,02,12,10,2,0,0,0,0,0,0,0
02128,Bruyères-et-Montbérault,22,02,78,49,18,5,2,4,0,0,0,0
02129,Bruys,22,02,1,1,0,0,0,0,0,0,0,0
02130,Bucilly,22,02,5,4,1,0,0,0,0,0,0,0
02131,Bucy-le-Long,22,02,80,48,24,2,2,4,0,0,0,0
02132,Bucy-lès-Cerny,22,02,5,5,0,0,0,0,0,0,0,0
02133,Bucy-lès-Pierrepont,22,02,12,11,1,0,0,0,0,0,0,0
02134,Buire,22,02,33,12,12,4,2,2,0,1,0,0
02135,Buironfosse,22,02,33,19,10,1,2,0,0,1,0,0
02136,Burelles,22,02,5,2,3,0,0,0,0,0,0,0
02137,Bussiares,22,02,4,3,1,0,0,0,0,0,0,0
02138,Buzancy,22,02,5,4,1,0,0,0,0,0,0,0
02139,Caillouël-Crépigny,22,02,12,8,4,0,0,0,0,0,0,0
02140,Camelin,22,02,11,9,1,0,0,1,0,0,0,0
02141,La Capelle,22,02,107,61,31,4,4,5,1,1,0,0
02142,Castres,22,02,6,4,2,0,0,0,0,0,0,0
02143,Le Catelet,22,02,16,7,5,3,1,0,0,0,0,0
02144,Caulaincourt,22,02,2,2,0,0,0,0,0,0,0,0
02145,Caumont,22,02,12,8,4,0,0,0,0,0,0,0
02146,Celles-lès-Condé,22,02,6,4,2,0,0,0,0,0,0,0
02147,La Celle-sous-Montmirail,22,02,2,2,0,0,0,0,0,0,0,0
02148,Celles-sur-Aisne,22,02,7,6,0,1,0,0,0,0,0,0
02149,Cerizy,22,02,2,2,0,0,0,0,0,0,0,0
02150,Cerny-en-Laonnois,22,02,1,1,0,0,0,0,0,0,0,0
02151,Cerny-lès-Bucy,22,02,7,7,0,0,0,0,0,0,0,0
02152,Cerseuil,22,02,2,1,1,0,0,0,0,0,0,0
02153,Cessières,22,02,12,9,3,0,0,0,0,0,0,0
02154,Chacrise,22,02,6,3,1,0,1,0,1,0,0,0
02155,Chaillevois,22,02,9,8,1,0,0,0,0,0,0,0
02156,Chalandry,22,02,5,5,0,0,0,0,0,0,0,0
02157,Chambry,22,02,104,33,38,13,8,9,1,1,1,0
02158,Chamouille,22,02,21,14,2,1,1,1,0,1,1,0
02159,Champs,22,02,8,6,2,0,0,0,0,0,0,0
02160,Chaourse,22,02,25,18,6,1,0,0,0,0,0,0
02161,La Chapelle-Monthodon,22,02,7,4,3,0,0,0,0,0,0,0
02162,La Chapelle-sur-Chézy,22,02,12,9,2,1,0,0,0,0,0,0
02163,Charly-sur-Marne,22,02,153,96,40,5,10,0,2,0,0,0
02164,Le Charmel,22,02,9,9,0,0,0,0,0,0,0,0
02165,Charmes,22,02,50,30,13,4,1,0,0,2,0,0
02166,Chartèves,22,02,7,7,0,0,0,0,0,0,0,0
02167,Chassemy,22,02,21,17,3,0,1,0,0,0,0,0
02168,Château-Thierry,22,02,956,521,299,61,41,18,8,5,3,0
02169,Châtillon-lès-Sons,22,02,5,4,1,0,0,0,0,0,0,0
02170,Châtillon-sur-Oise,22,02,2,2,0,0,0,0,0,0,0,0
02171,Chaudardes,22,02,3,3,0,0,0,0,0,0,0,0
02172,Chaudun,22,02,4,2,2,0,0,0,0,0,0,0
02173,Chauny,22,02,706,392,201,61,30,11,7,2,2,0
02174,Chavignon,22,02,31,24,4,1,0,2,0,0,0,0
02175,Chavigny,22,02,0,0,0,0,0,0,0,0,0,0
02176,Chavonne,22,02,4,4,0,0,0,0,0,0,0,0
02177,Chérêt,22,02,6,4,2,0,0,0,0,0,0,0
02178,Chermizy-Ailles,22,02,3,2,1,0,0,0,0,0,0,0
02179,Chéry-Chartreuve,22,02,13,12,1,0,0,0,0,0,0,0
02180,Chéry-lès-Pouilly,22,02,10,8,1,1,0,0,0,0,0,0
02181,Chéry-lès-Rozoy,22,02,2,1,1,0,0,0,0,0,0,0
02182,Chevennes,22,02,0,0,0,0,0,0,0,0,0,0
02183,Chevregny,22,02,8,8,0,0,0,0,0,0,0,0
02184,Chevresis-Monceau,22,02,8,6,1,1,0,0,0,0,0,0
02185,Chézy-en-Orxois,22,02,13,9,3,1,0,0,0,0,0,0
02186,Chézy-sur-Marne,22,02,59,43,11,2,1,0,2,0,0,0
02187,Chierry,22,02,31,18,3,1,4,2,1,1,1,0
02188,Chigny,22,02,1,0,0,0,1,0,0,0,0,0
02189,Chivres-en-Laonnois,22,02,15,11,4,0,0,0,0,0,0,0
02190,Chivres-Val,22,02,21,17,3,0,1,0,0,0,0,0
02191,Chivy-lès-Étouvelles,22,02,27,16,8,0,2,1,0,0,0,0
02192,Chouy,22,02,12,11,1,0,0,0,0,0,0,0
02193,Cierges,22,02,4,4,0,0,0,0,0,0,0,0
02194,Cilly,22,02,4,4,0,0,0,0,0,0,0,0
02195,Ciry-Salsogne,22,02,42,22,14,1,2,2,1,0,0,0
02196,Clacy-et-Thierret,22,02,16,10,3,1,1,1,0,0,0,0
02197,Clairfontaine,22,02,15,8,4,0,1,1,1,0,0,0
02198,Clamecy,22,02,6,4,2,0,0,0,0,0,0,0
02199,Clastres,22,02,13,12,1,0,0,0,0,0,0,0
02200,Clermont-les-Fermes,22,02,8,5,3,0,0,0,0,0,0,0
02201,Coeuvres-et-Valsery,22,02,17,11,4,0,1,0,1,0,0,0
02203,Coincy,22,02,54,44,9,1,0,0,0,0,0,0
02204,Coingt,22,02,2,2,0,0,0,0,0,0,0,0
02205,Colligis-Crandelain,22,02,2,2,0,0,0,0,0,0,0,0
02206,Colonfay,22,02,3,2,1,0,0,0,0,0,0,0
02207,Commenchon,22,02,2,2,0,0,0,0,0,0,0,0
02208,Concevreux,22,02,5,3,2,0,0,0,0,0,0,0
02209,Condé-en-Brie,22,02,43,28,14,0,1,0,0,0,0,0
02210,Condé-sur-Aisne,22,02,8,6,1,0,1,0,0,0,0,0
02211,Condé-sur-Suippe,22,02,15,10,3,1,1,0,0,0,0,0
02212,Condren,22,02,38,15,12,2,4,2,3,0,0,0
02213,Connigis,22,02,6,5,1,0,0,0,0,0,0,0
02214,Contescourt,22,02,0,0,0,0,0,0,0,0,0,0
02215,Corbeny,22,02,26,14,11,0,0,0,1,0,0,0
02216,Corcy,22,02,6,4,2,0,0,0,0,0,0,0
02217,Coucy-le-Château-Auffrique,22,02,53,32,14,5,0,1,1,0,0,0
02218,Coucy-lès-Eppes,22,02,24,12,9,0,2,1,0,0,0,0
02219,Coucy-la-Ville,22,02,3,3,0,0,0,0,0,0,0,0
02220,Coulonges-Cohan,22,02,23,21,2,0,0,0,0,0,0,0
02221,Coupru,22,02,3,2,1,0,0,0,0,0,0,0
02222,Courbes,22,02,4,3,1,0,0,0,0,0,0,0
02223,Courboin,22,02,9,8,1,0,0,0,0,0,0,0
02224,Courcelles-sur-Vesle,22,02,11,6,3,0,0,2,0,0,0,0
02225,Courchamps,22,02,2,2,0,0,0,0,0,0,0,0
02226,Courmelles,22,02,44,28,12,1,1,0,1,1,0,0
02227,Courmont,22,02,5,5,0,0,0,0,0,0,0,0
02228,Courtemont-Varennes,22,02,12,7,2,1,0,2,0,0,0,0
02229,Courtrizy-et-Fussigny,22,02,3,3,0,0,0,0,0,0,0,0
02230,Couvrelles,22,02,9,6,1,1,1,0,0,0,0,0
02231,Couvron-et-Aumencourt,22,02,17,12,5,0,0,0,0,0,0,0
02232,Coyolles,22,02,11,8,2,0,0,1,0,0,0,0
02233,Cramaille,22,02,6,5,0,0,0,1,0,0,0,0
02234,Craonne,22,02,3,2,1,0,0,0,0,0,0,0
02235,Craonnelle,22,02,5,4,1,0,0,0,0,0,0,0
02236,Crécy-au-Mont,22,02,12,8,4,0,0,0,0,0,0,0
02237,Crécy-sur-Serre,22,02,71,43,21,3,2,2,0,0,0,0
02238,Crépy,22,02,59,40,13,2,3,1,0,0,0,0
02239,Crézancy,22,02,41,26,11,1,2,0,0,1,0,0
02240,Croix-Fonsomme,22,02,6,6,0,0,0,0,0,0,0,0
02241,La Croix-sur-Ourcq,22,02,5,3,1,0,0,1,0,0,0,0
02242,Crouttes-sur-Marne,22,02,15,14,1,0,0,0,0,0,0,0
02243,Crouy,22,02,143,81,38,8,6,6,3,1,0,0
02244,Crupilly,22,02,5,4,1,0,0,0,0,0,0,0
02245,Cuffies,22,02,61,50,9,0,0,0,1,1,0,0
02246,Cugny,22,02,13,12,0,1,0,0,0,0,0,0
02248,Cuirieux,22,02,2,2,0,0,0,0,0,0,0,0
02249,Cuiry-Housse,22,02,7,6,1,0,0,0,0,0,0,0
02250,Cuiry-lès-Chaudardes,22,02,2,1,0,1,0,0,0,0,0,0
02251,Cuiry-lès-Iviers,22,02,3,3,0,0,0,0,0,0,0,0
02252,Cuissy-et-Geny,22,02,2,2,0,0,0,0,0,0,0,0
02253,Cuisy-en-Almont,22,02,4,3,1,0,0,0,0,0,0,0
02254,Cutry,22,02,4,3,1,0,0,0,0,0,0,0
02255,Cys-la-Commune,22,02,2,2,0,0,0,0,0,0,0,0
02256,Dagny-Lambercy,22,02,5,4,1,0,0,0,0,0,0,0
02257,Dallon,22,02,22,16,5,1,0,0,0,0,0,0
02258,Dammard,22,02,18,12,3,2,1,0,0,0,0,0
02259,Dampleux,22,02,11,9,2,0,0,0,0,0,0,0
02260,Danizy,22,02,14,12,2,0,0,0,0,0,0,0
02261,Dercy,22,02,8,6,1,0,1,0,0,0,0,0
02262,Deuillet,22,02,11,9,2,0,0,0,0,0,0,0
02263,Dhuizel,22,02,2,2,0,0,0,0,0,0,0,0
02264,Dizy-le-Gros,22,02,40,31,8,0,1,0,0,0,0,0
02265,Dohis,22,02,1,1,0,0,0,0,0,0,0,0
02266,Dolignon,22,02,2,2,0,0,0,0,0,0,0,0
02267,Dommiers,22,02,11,10,1,0,0,0,0,0,0,0
02268,Domptin,22,02,26,20,6,0,0,0,0,0,0,0
02269,Dorengt,22,02,0,0,0,0,0,0,0,0,0,0
02270,Douchy,22,02,5,4,0,0,1,0,0,0,0,0
02271,Dravegny,22,02,0,0,0,0,0,0,0,0,0,0
02272,Droizy,22,02,4,3,1,0,0,0,0,0,0,0
02273,Dury,22,02,5,3,1,0,1,0,0,0,0,0
02274,Ébouleau,22,02,11,9,2,0,0,0,0,0,0,0
02275,Effry,22,02,9,8,0,0,0,0,0,1,0,0
02276,Englancourt,22,02,4,4,0,0,0,0,0,0,0,0
02277,Épagny,22,02,7,6,1,0,0,0,0,0,0,0
02278,Éparcy,22,02,2,2,0,0,0,0,0,0,0,0
02279,Épaux-Bézu,22,02,35,19,7,2,2,3,1,0,1,0
02280,Épieds,22,02,19,18,1,0,0,0,0,0,0,0
02281,L'Épine-aux-Bois,22,02,17,13,4,0,0,0,0,0,0,0
02282,Eppes,22,02,10,8,1,0,0,1,0,0,0,0
02283,Erlon,22,02,6,4,2,0,0,0,0,0,0,0
02284,Erloy,22,02,1,1,0,0,0,0,0,0,0,0
02286,Esquéhéries,22,02,19,16,2,0,1,0,0,0,0,0
02287,Essigny-le-Grand,22,02,44,28,8,3,3,1,1,0,0,0
02288,Essigny-le-Petit,22,02,8,5,2,0,1,0,0,0,0,0
02289,Essises,22,02,8,8,0,0,0,0,0,0,0,0
02290,Essômes-sur-Marne,22,02,89,56,25,4,3,0,0,1,0,0
02291,Estrées,22,02,8,5,2,0,1,0,0,0,0,0
02292,Étampes-sur-Marne,22,02,52,29,13,7,3,0,0,0,0,0
02293,Étaves-et-Bocquiaux,22,02,10,9,1,0,0,0,0,0,0,0
02294,Étouvelles,22,02,8,3,0,1,1,2,0,1,0,0
02295,Étréaupont,22,02,40,27,9,1,2,1,0,0,0,0
02296,Étreillers,22,02,41,26,8,3,2,1,1,0,0,0
02297,Étrépilly,22,02,3,3,0,0,0,0,0,0,0,0
02298,Étreux,22,02,50,33,14,1,1,1,0,0,0,0
02299,Évergnicourt,22,02,2,1,0,0,0,0,0,1,0,0
02301,Faucoucourt,22,02,10,6,3,1,0,0,0,0,0,0
02302,Faverolles,22,02,12,6,6,0,0,0,0,0,0,0
02303,Fayet,22,02,109,25,49,18,8,6,2,0,1,0
02304,La Fère,22,02,174,108,48,8,5,5,0,0,0,0
02305,Fère-en-Tardenois,22,02,188,118,48,10,6,3,1,2,0,0
02306,La Ferté-Chevresis,22,02,18,16,2,0,0,0,0,0,0,0
02307,La Ferté-Milon,22,02,106,71,26,2,4,1,2,0,0,0
02308,Fesmy-le-Sart,22,02,14,14,0,0,0,0,0,0,0,0
02309,Festieux,22,02,18,15,3,0,0,0,0,0,0,0
02310,Fieulaine,22,02,13,9,4,0,0,0,0,0,0,0
02311,Filain,22,02,3,2,0,1,0,0,0,0,0,0
02312,La Flamengrie,22,02,35,24,8,1,0,2,0,0,0,0
02313,Flavigny-le-Grand-et-Beaurai,22,02,12,8,2,2,0,0,0,0,0,0
02315,Flavy-le-Martel,22,02,56,38,12,4,1,1,0,0,0,0
02316,Fleury,22,02,9,4,3,1,1,0,0,0,0,0
02317,Fluquières,22,02,4,2,2,0,0,0,0,0,0,0
02318,Folembray,22,02,45,31,13,0,0,0,1,0,0,0
02319,Fonsomme,22,02,12,9,3,0,0,0,0,0,0,0
02320,Fontaine-lès-Clercs,22,02,5,4,1,0,0,0,0,0,0,0
02321,Fontaine-lès-Vervins,22,02,35,18,12,0,2,1,2,0,0,0
02322,Fontaine-Notre-Dame,22,02,8,7,1,0,0,0,0,0,0,0
02323,Fontaine-Uterte,22,02,0,0,0,0,0,0,0,0,0,0
02324,Fontenelle,22,02,7,5,2,0,0,0,0,0,0,0
02325,Fontenelle-en-Brie,22,02,13,9,2,1,1,0,0,0,0,0
02326,Fontenoy,22,02,24,22,1,1,0,0,0,0,0,0
02327,Foreste,22,02,3,3,0,0,0,0,0,0,0,0
02328,Fossoy,22,02,24,15,6,2,0,1,0,0,0,0
02329,Fourdrain,22,02,19,13,2,1,1,2,0,0,0,0
02330,Francilly-Selency,22,02,17,9,8,0,0,0,0,0,0,0
02331,Franqueville,22,02,3,3,0,0,0,0,0,0,0,0
02332,Fresnes-en-Tardenois,22,02,14,9,4,0,1,0,0,0,0,0
02333,Fresnes,22,02,5,5,0,0,0,0,0,0,0,0
02334,Fresnoy-le-Grand,22,02,103,63,22,5,3,6,2,1,0,1
02335,Fressancourt,22,02,4,4,0,0,0,0,0,0,0,0
02336,Frières-Faillouël,22,02,15,9,5,1,0,0,0,0,0,0
02337,Froidestrées,22,02,5,5,0,0,0,0,0,0,0,0
02338,Froidmont-Cohartille,22,02,14,11,2,0,1,0,0,0,0,0
02339,Gandelu,22,02,10,8,1,1,0,0,0,0,0,0
02340,Gauchy,22,02,211,108,48,17,14,14,4,4,2,0
02341,Gercy,22,02,4,4,0,0,0,0,0,0,0,0
02342,Gergny,22,02,4,3,1,0,0,0,0,0,0,0
02343,Germaine,22,02,3,3,0,0,0,0,0,0,0,0
02344,Gernicourt,22,02,4,3,1,0,0,0,0,0,0,0
02345,Gibercourt,22,02,0,0,0,0,0,0,0,0,0,0
02346,Gizy,22,02,26,17,4,3,1,1,0,0,0,0
02347,Gland,22,02,21,18,1,1,1,0,0,0,0,0
02348,Glennes,22,02,3,2,1,0,0,0,0,0,0,0
02349,Goudelancourt-lès-Berrieux,22,02,3,2,1,0,0,0,0,0,0,0
02350,Goudelancourt-lès-Pierrepont,22,02,4,3,1,0,0,0,0,0,0,0
02351,Goussancourt,22,02,4,4,0,0,0,0,0,0,0,0
02352,Gouy,22,02,26,23,3,0,0,0,0,0,0,0
02353,Grandlup-et-Fay,22,02,7,5,2,0,0,0,0,0,0,0
02354,Grandrieux,22,02,2,2,0,0,0,0,0,0,0,0
02355,Gricourt,22,02,24,18,4,2,0,0,0,0,0,0
02356,Grisolles,22,02,9,5,1,1,1,1,0,0,0,0
02357,Gronard,22,02,2,1,1,0,0,0,0,0,0,0
02358,Grougis,22,02,7,7,0,0,0,0,0,0,0,0
02359,Grugies,22,02,22,18,1,0,3,0,0,0,0,0
02360,Guignicourt,22,02,107,57,34,6,4,5,0,1,0,0
02361,Guise,22,02,284,154,82,17,14,11,5,0,1,0
02362,Guivry,22,02,8,6,2,0,0,0,0,0,0,0
02363,Guny,22,02,21,14,3,3,0,1,0,0,0,0
02364,Guyencourt,22,02,10,7,3,0,0,0,0,0,0,0
02366,Hannapes,22,02,4,2,1,0,0,1,0,0,0,0
02367,Happencourt,22,02,1,1,0,0,0,0,0,0,0,0
02368,Haramont,22,02,18,14,3,1,0,0,0,0,0,0
02369,Harcigny,22,02,4,3,1,0,0,0,0,0,0,0
02370,Hargicourt,22,02,9,4,5,0,0,0,0,0,0,0
02371,Harly,22,02,36,18,10,4,2,2,0,0,0,0
02372,Hartennes-et-Taux,22,02,24,17,3,0,3,1,0,0,0,0
02373,Hary,22,02,10,7,1,1,0,0,1,0,0,0
02374,Lehaucourt,22,02,21,18,2,0,1,0,0,0,0,0
02375,Hautevesnes,22,02,7,6,0,0,0,1,0,0,0,0
02376,Hauteville,22,02,4,4,0,0,0,0,0,0,0,0
02377,Haution,22,02,4,3,1,0,0,0,0,0,0,0
02378,La Hérie,22,02,6,6,0,0,0,0,0,0,0,0
02379,Le Hérie-la-Viéville,22,02,3,3,0,0,0,0,0,0,0,0
02380,Hinacourt,22,02,2,2,0,0,0,0,0,0,0,0
02381,Hirson,22,02,394,206,121,28,19,16,2,1,1,0
02382,Holnon,22,02,57,34,11,1,6,4,1,0,0,0
02383,Homblières,22,02,53,43,6,1,2,0,0,1,0,0
02384,Houry,22,02,2,2,0,0,0,0,0,0,0,0
02385,Housset,22,02,1,1,0,0,0,0,0,0,0,0
02386,Iron,22,02,8,7,1,0,0,0,0,0,0,0
02387,Itancourt,22,02,34,19,7,4,2,0,0,0,2,0
02388,Iviers,22,02,8,4,3,0,1,0,0,0,0,0
02389,Jaulgonne,22,02,40,29,10,1,0,0,0,0,0,0
02390,Jeancourt,22,02,4,3,1,0,0,0,0,0,0,0
02391,Jeantes,22,02,2,2,0,0,0,0,0,0,0,0
02392,Joncourt,22,02,9,8,1,0,0,0,0,0,0,0
02393,Jouaignes,22,02,4,3,1,0,0,0,0,0,0,0
02395,Jumencourt,22,02,3,3,0,0,0,0,0,0,0,0
02396,Jumigny,22,02,1,1,0,0,0,0,0,0,0,0
02397,Jussy,22,02,39,21,14,0,3,0,0,1,0,0
02398,Juvigny,22,02,5,4,0,0,1,0,0,0,0,0
02399,Juvincourt-et-Damary,22,02,16,11,2,1,1,1,0,0,0,0
02400,Laffaux,22,02,2,0,2,0,0,0,0,0,0,0
02401,Laigny,22,02,10,7,3,0,0,0,0,0,0,0
02402,Lanchy,22,02,3,3,0,0,0,0,0,0,0,0
02403,Landifay-et-Bertaignemont,22,02,4,3,1,0,0,0,0,0,0,0
02404,Landouzy-la-Cour,22,02,9,8,1,0,0,0,0,0,0,0
02405,Landouzy-la-Ville,22,02,11,8,3,0,0,0,0,0,0,0
02406,Landricourt,22,02,8,7,1,0,0,0,0,0,0,0
02407,Laniscourt,22,02,6,3,2,1,0,0,0,0,0,0
02408,Laon,22,02,1373,732,433,85,67,37,9,5,5,0
02409,Lappion,22,02,7,5,2,0,0,0,0,0,0,0
02410,Largny-sur-Automne,22,02,5,4,1,0,0,0,0,0,0,0
02411,Latilly,22,02,9,5,4,0,0,0,0,0,0,0
02412,Launoy,22,02,4,2,2,0,0,0,0,0,0,0
02413,Laval-en-Laonnois,22,02,11,7,3,0,0,1,0,0,0,0
02414,Lavaqueresse,22,02,0,0,0,0,0,0,0,0,0,0
02415,Laversine,22,02,5,3,2,0,0,0,0,0,0,0
02416,Lemé,22,02,8,6,2,0,0,0,0,0,0,0
02417,Lempire,22,02,4,2,2,0,0,0,0,0,0,0
02418,Lerzy,22,02,3,2,1,0,0,0,0,0,0,0
02419,Leschelle,22,02,10,6,3,0,1,0,0,0,0,0
02420,Lesdins,22,02,32,19,12,1,0,0,0,0,0,0
02421,Lesges,22,02,0,0,0,0,0,0,0,0,0,0
02422,Lesquielles-Saint-Germain,22,02,14,10,4,0,0,0,0,0,0,0
02423,Leuilly-sous-Coucy,22,02,11,9,1,0,1,0,0,0,0,0
02424,Leury,22,02,6,5,1,0,0,0,0,0,0,0
02425,Leuze,22,02,3,2,1,0,0,0,0,0,0,0
02426,Levergies,22,02,13,9,2,1,1,0,0,0,0,0
02427,Lhuys,22,02,9,8,1,0,0,0,0,0,0,0
02428,Licy-Clignon,22,02,0,0,0,0,0,0,0,0,0,0
02429,Lierval,22,02,4,3,1,0,0,0,0,0,0,0
02430,Liesse-Notre-Dame,22,02,36,21,13,1,0,0,1,0,0,0
02431,Liez,22,02,4,3,1,0,0,0,0,0,0,0
02432,Limé,22,02,10,9,1,0,0,0,0,0,0,0
02433,Lislet,22,02,19,12,5,0,0,2,0,0,0,0
02434,Lizy,22,02,5,3,2,0,0,0,0,0,0,0
02435,Logny-lès-Aubenton,22,02,0,0,0,0,0,0,0,0,0,0
02438,Longpont,22,02,10,5,3,1,1,0,0,0,0,0
02439,Longueval-Barbonval,22,02,28,14,9,1,4,0,0,0,0,0
02440,Lor,22,02,7,6,0,1,0,0,0,0,0,0
02441,Louâtre,22,02,8,7,0,0,1,0,0,0,0,0
02442,Loupeigne,22,02,1,1,0,0,0,0,0,0,0,0
02443,Lucy-le-Bocage,22,02,6,4,1,1,0,0,0,0,0,0
02444,Lugny,22,02,2,0,2,0,0,0,0,0,0,0
02445,Luzoir,22,02,5,3,2,0,0,0,0,0,0,0
02446,Ly-Fontaine,22,02,1,1,0,0,0,0,0,0,0,0
02447,Maast-et-Violaine,22,02,5,4,1,0,0,0,0,0,0,0
02448,Mâchecourt,22,02,1,0,1,0,0,0,0,0,0,0
02449,Macogny,22,02,5,4,1,0,0,0,0,0,0,0
02450,Macquigny,22,02,10,5,4,0,1,0,0,0,0,0
02451,Magny-la-Fosse,22,02,2,0,1,0,0,1,0,0,0,0
02452,Maissemy,22,02,8,6,1,1,0,0,0,0,0,0
02453,Maizy,22,02,28,21,5,1,0,1,0,0,0,0
02454,La Malmaison,22,02,10,8,2,0,0,0,0,0,0,0
02455,Malzy,22,02,6,4,2,0,0,0,0,0,0,0
02456,Manicamp,22,02,7,6,1,0,0,0,0,0,0,0
02457,Marchais,22,02,6,3,1,0,1,0,1,0,0,0
02458,Marchais-en-Brie,22,02,9,7,1,1,0,0,0,0,0,0
02459,Marcy,22,02,11,6,4,0,0,1,0,0,0,0
02460,Marcy-sous-Marle,22,02,2,2,0,0,0,0,0,0,0,0
02461,Marest-Dampcourt,22,02,13,8,4,0,1,0,0,0,0,0
02462,Mareuil-en-Dôle,22,02,7,7,0,0,0,0,0,0,0,0
02463,Marfontaine,22,02,2,1,1,0,0,0,0,0,0,0
02464,Margival,22,02,21,11,4,6,0,0,0,0,0,0
02465,Marigny-en-Orxois,22,02,17,16,1,0,0,0,0,0,0,0
02466,Marizy-Sainte-Geneviève,22,02,5,4,1,0,0,0,0,0,0,0
02467,Marizy-Saint-Mard,22,02,1,0,0,1,0,0,0,0,0,0
02468,Marle,22,02,119,62,36,7,7,4,1,1,1,0
02469,Marly-Gomont,22,02,21,14,7,0,0,0,0,0,0,0
02470,Martigny,22,02,11,8,2,1,0,0,0,0,0,0
02471,Martigny-Courpierre,22,02,8,7,1,0,0,0,0,0,0,0
02472,Mauregny-en-Haye,22,02,20,16,1,0,1,2,0,0,0,0
02473,Mayot,22,02,4,3,1,0,0,0,0,0,0,0
02474,Mennessis,22,02,10,9,1,0,0,0,0,0,0,0
02475,Menneville,22,02,9,8,1,0,0,0,0,0,0,0
02476,Mennevret,22,02,18,11,4,1,1,1,0,0,0,0
02477,Mercin-et-Vaux,22,02,67,42,15,4,2,1,2,1,0,0
02478,Merlieux-et-Fouquerolles,22,02,3,2,1,0,0,0,0,0,0,0
02479,Merval,22,02,1,1,0,0,0,0,0,0,0,0
02480,Mesbrecourt-Richecourt,22,02,12,11,1,0,0,0,0,0,0,0
02481,Mesnil-Saint-Laurent,22,02,16,12,3,0,0,1,0,0,0,0
02482,Meurival,22,02,1,1,0,0,0,0,0,0,0,0
02483,Mézières-sur-Oise,22,02,21,15,5,1,0,0,0,0,0,0
02484,Mézy-Moulins,22,02,12,8,4,0,0,0,0,0,0,0
02485,Missy-aux-Bois,22,02,5,4,0,0,0,1,0,0,0,0
02486,Missy-lès-Pierrepont,22,02,4,4,0,0,0,0,0,0,0,0
02487,Missy-sur-Aisne,22,02,13,7,6,0,0,0,0,0,0,0
02488,Molain,22,02,2,2,0,0,0,0,0,0,0,0
02489,Molinchart,22,02,15,11,3,1,0,0,0,0,0,0
02490,Monampteuil,22,02,7,5,2,0,0,0,0,0,0,0
02491,Monceau-le-Neuf-et-Faucouzy,22,02,15,11,4,0,0,0,0,0,0,0
02492,Monceau-lès-Leups,22,02,9,7,2,0,0,0,0,0,0,0
02493,Monceau-le-Waast,22,02,5,3,1,0,1,0,0,0,0,0
02494,Monceau-sur-Oise,22,02,7,5,2,0,0,0,0,0,0,0
02495,Mondrepuis,22,02,27,19,7,0,0,1,0,0,0,0
02496,Monnes,22,02,1,1,0,0,0,0,0,0,0,0
02497,Mons-en-Laonnois,22,02,33,24,7,0,2,0,0,0,0,0
02498,Montaigu,22,02,32,25,6,1,0,0,0,0,0,0
02499,Montbavin,22,02,6,6,0,0,0,0,0,0,0,0
02500,Montbrehain,22,02,21,17,4,0,0,0,0,0,0,0
02501,Montchâlons,22,02,0,0,0,0,0,0,0,0,0,0
02502,Montcornet,22,02,98,55,27,5,5,3,2,1,0,0
02503,Mont-d'Origny,22,02,19,12,7,0,0,0,0,0,0,0
02504,Montescourt-Lizerolles,22,02,34,25,6,2,0,0,1,0,0,0
02505,Montfaucon,22,02,10,7,1,2,0,0,0,0,0,0
02506,Montgobert,22,02,12,10,2,0,0,0,0,0,0,0
02507,Montgru-Saint-Hilaire,22,02,3,1,0,0,0,1,1,0,0,0
02508,Monthenault,22,02,8,6,2,0,0,0,0,0,0,0
02509,Monthiers,22,02,12,9,1,1,0,1,0,0,0,0
02510,Monthurel,22,02,3,2,1,0,0,0,0,0,0,0
02511,Montigny-en-Arrouaise,22,02,5,3,0,2,0,0,0,0,0,0
02512,Montigny-l'Allier,22,02,5,3,2,0,0,0,0,0,0,0
02513,Montigny-le-Franc,22,02,3,0,3,0,0,0,0,0,0,0
02514,Montigny-Lengrain,22,02,36,23,10,0,0,0,1,1,1,0
02515,Montigny-lès-Condé,22,02,1,1,0,0,0,0,0,0,0,0
02516,Montigny-sous-Marle,22,02,1,1,0,0,0,0,0,0,0,0
02517,Montigny-sur-Crécy,22,02,7,7,0,0,0,0,0,0,0,0
02518,Montlevon,22,02,11,11,0,0,0,0,0,0,0,0
02519,Montloué,22,02,6,6,0,0,0,0,0,0,0,0
02520,Mont-Notre-Dame,22,02,21,11,8,0,0,1,1,0,0,0
02521,Montreuil-aux-Lions,22,02,77,55,16,4,1,1,0,0,0,0
02522,Mont-Saint-Jean,22,02,3,2,1,0,0,0,0,0,0,0
02523,Mont-Saint-Martin,22,02,3,3,0,0,0,0,0,0,0,0
02524,Mont-Saint-Père,22,02,22,15,6,0,1,0,0,0,0,0
02525,Morcourt,22,02,37,17,7,3,1,5,1,2,1,0
02526,Morgny-en-Thiérache,22,02,0,0,0,0,0,0,0,0,0,0
02527,Morsain,22,02,16,11,3,2,0,0,0,0,0,0
02528,Mortefontaine,22,02,10,8,2,0,0,0,0,0,0,0
02529,Mortiers,22,02,3,2,1,0,0,0,0,0,0,0
02530,Moulins,22,02,4,4,0,0,0,0,0,0,0,0
02531,Moussy-Verneuil,22,02,3,3,0,0,0,0,0,0,0,0
02532,Moÿ-de-l'Aisne,22,02,38,25,10,2,0,1,0,0,0,0
02533,Muret-et-Crouttes,22,02,3,3,0,0,0,0,0,0,0,0
02534,Muscourt,22,02,3,3,0,0,0,0,0,0,0,0
02535,Nampcelles-la-Cour,22,02,4,3,1,0,0,0,0,0,0,0
02536,Nampteuil-sous-Muret,22,02,0,0,0,0,0,0,0,0,0,0
02537,Nanteuil-la-Fosse,22,02,10,9,1,0,0,0,0,0,0,0
02538,Nanteuil-Notre-Dame,22,02,2,0,1,1,0,0,0,0,0,0
02539,Nauroy,22,02,23,23,0,0,0,0,0,0,0,0
02540,Nesles-la-Montagne,22,02,29,27,1,0,1,0,0,0,0,0
02541,Neufchâtel-sur-Aisne,22,02,17,10,6,0,1,0,0,0,0,0
02542,Neuflieux,22,02,1,1,0,0,0,0,0,0,0,0
02543,Neuilly-Saint-Front,22,02,97,61,28,3,2,3,0,0,0,0
02544,Neuve-Maison,22,02,13,7,5,1,0,0,0,0,0,0
02545,La Neuville-Bosmont,22,02,10,8,0,0,1,1,0,0,0,0
02546,La Neuville-en-Beine,22,02,5,5,0,0,0,0,0,0,0,0
02547,La Neuville-Housset,22,02,1,0,0,1,0,0,0,0,0,0
02548,La Neuville-lès-Dorengt,22,02,15,9,4,0,2,0,0,0,0,0
02549,Neuville-Saint-Amand,22,02,43,28,9,0,4,1,1,0,0,0
02550,Neuville-sur-Ailette,22,02,8,8,0,0,0,0,0,0,0,0
02551,Neuville-sur-Margival,22,02,5,4,1,0,0,0,0,0,0,0
02552,Neuvillette,22,02,6,4,2,0,0,0,0,0,0,0
02553,Nizy-le-Comte,22,02,13,10,2,0,1,0,0,0,0,0
02554,Nogentel,22,02,31,23,6,0,2,0,0,0,0,0
02555,Nogent-l'Artaud,22,02,69,50,13,2,2,1,1,0,0,0
02556,Noircourt,22,02,2,2,0,0,0,0,0,0,0,0
02557,Noroy-sur-Ourcq,22,02,5,4,1,0,0,0,0,0,0,0
02558,Le Nouvion-en-Thiérache,22,02,123,74,36,6,2,2,1,1,1,0
02559,Nouvion-et-Catillon,22,02,14,7,7,0,0,0,0,0,0,0
02560,Nouvion-le-Comte,22,02,7,4,2,0,1,0,0,0,0,0
02561,Nouvion-le-Vineux,22,02,9,6,2,0,1,0,0,0,0,0
02562,Nouvron-Vingré,22,02,1,1,0,0,0,0,0,0,0,0
02563,Noyales,22,02,5,4,1,0,0,0,0,0,0,0
02564,Noyant-et-Aconin,22,02,9,7,1,0,0,0,0,1,0,0
02565,OEuilly,22,02,10,8,2,0,0,0,0,0,0,0
02566,Ognes,22,02,31,23,7,0,1,0,0,0,0,0
02567,Ohis,22,02,9,7,2,0,0,0,0,0,0,0
02568,Oigny-en-Valois,22,02,8,7,1,0,0,0,0,0,0,0
02569,Oisy,22,02,7,6,1,0,0,0,0,0,0,0
02570,Ollezy,22,02,5,5,0,0,0,0,0,0,0,0
02571,Omissy,22,02,18,14,3,1,0,0,0,0,0,0
02572,Orainville,22,02,13,10,3,0,0,0,0,0,0,0
02573,Orgeval,22,02,4,3,1,0,0,0,0,0,0,0
02574,Origny-en-Thiérache,22,02,49,36,7,1,1,2,1,1,0,0
02575,Origny-Sainte-Benoite,22,02,97,66,23,3,2,2,0,0,1,0
02576,Osly-Courtil,22,02,11,9,1,1,0,0,0,0,0,0
02577,Ostel,22,02,4,2,2,0,0,0,0,0,0,0
02578,Oulches-la-Vallée-Foulon,22,02,1,1,0,0,0,0,0,0,0,0
02579,Oulchy-la-Ville,22,02,3,2,1,0,0,0,0,0,0,0
02580,Oulchy-le-Château,22,02,58,47,7,1,2,1,0,0,0,0
02581,Paars,22,02,9,9,0,0,0,0,0,0,0,0
02582,Paissy,22,02,4,3,1,0,0,0,0,0,0,0
02583,Pancy-Courtecon,22,02,2,2,0,0,0,0,0,0,0,0
02584,Papleux,22,02,2,2,0,0,0,0,0,0,0,0
02585,Parcy-et-Tigny,22,02,10,7,3,0,0,0,0,0,0,0
02586,Parfondeval,22,02,5,5,0,0,0,0,0,0,0,0
02587,Parfondru,22,02,7,6,1,0,0,0,0,0,0,0
02588,Pargnan,22,02,2,2,0,0,0,0,0,0,0,0
02589,Pargny-Filain,22,02,9,7,2,0,0,0,0,0,0,0
02590,Pargny-la-Dhuys,22,02,7,7,0,0,0,0,0,0,0,0
02591,Pargny-les-Bois,22,02,3,3,0,0,0,0,0,0,0,0
02592,Parpeville,22,02,6,5,1,0,0,0,0,0,0,0
02593,Pasly,22,02,24,19,3,2,0,0,0,0,0,0
02594,Passy-en-Valois,22,02,8,7,1,0,0,0,0,0,0,0
02595,Passy-sur-Marne,22,02,8,4,2,2,0,0,0,0,0,0
02596,Pavant,22,02,23,19,4,0,0,0,0,0,0,0
02597,Perles,22,02,10,9,1,0,0,0,0,0,0,0
02598,Pernant,22,02,24,16,6,2,0,0,0,0,0,0
02599,Pierremande,22,02,12,12,0,0,0,0,0,0,0,0
02600,Pierrepont,22,02,17,13,4,0,0,0,0,0,0,0
02601,Pignicourt,22,02,9,8,1,0,0,0,0,0,0,0
02602,Pinon,22,02,66,43,12,3,4,2,2,0,0,0